itemID,ownerEmail,title,description,game_condition
1,user1@gmail.com,title1,description1,Mint
2,user1@gmail.com,title2,description2 xxx,Like New
3,user1@gmail.com,title3,description3 It was popularised in the 1960s with the release of Letraset sheets containing Lorem Ipsum passages and more recently with desktop It was popularised in the 1960s with the release of Letraset sheets containing Lorem Ipsum passages and more recently with desktop publishing software like Aldus PageMaker including versions of Lorem Ipsum publishing software like Aldus PageMaker including versions of Lorem Ipsum,Lightly Used
4,user1@gmail.com,title4,description4 sheets containing Lorem Ipsum passages and more recently with desktop It was popularised in the 1960s with the release of Letraset sheets containing Lorem Ipsum passages and more recently with desktop publishing software like Aldus PageMaker including versions of Lorem Ipsum sheets containing Lorem Ipsum passages and more recently with desktop It was popularised in the 1960s with the release of Letraset sheets containing Lorem Ipsum passages and more recently with desktop publishing software like Aldus PageMaker including versions of Lorem Ipsum,Moderately Used
5,user1@gmail.com,title5,description5,Heavily Used
6,user1@gmail.com,title6,description6,Damaged/Missing parts
7,user1@gmail.com,title7,description7,Mint
8,user1@gmail.com,title8,description8,Like New
9,user1@gmail.com,title9,description9,Lightly Used
10,user1@gmail.com,title10,description10,Moderately Used
11,user1@gmail.com,title11,description11 xxx,Heavily Used
12,user1@gmail.com,title12,description12,Damaged/Missing parts
13,user2@gmail.com,title13,description13,Mint
14,user2@gmail.com,title14,description14 sheets containing Lorem Ipsum passagsheets containing Lorem Ipsum passages and more recently with desktop It was popularised in the 1960s with the release of Letraset sheets containing Lorem Ipsum passages and more recently with desktop publishing software like Aldus PageMaker including versions of Lorem Ipsumes and more recently with desktop It was popularised in the 1960s with the release of Letraset sheets containing Lorem Ipsum passages and more recently with desktop publishing software like Aldus PageMaker including versions of Lorem Ipsum,Like New
15,user2@gmail.com,title15,description15,Lightly Used
16,user2@gmail.com,title16,description16 sheets containing Lorem Ipsusheets containing Lorem Ipsum passages and more recently with desktop It was popularised in the 1960s with the release of Letraset sheets containing Lorem Ipsum passages and more recently with desktop publishing software like Aldus PageMaker including versions of Lorem Ipsumm passages and more recently with desktop It was popularised in the 1960s with the release of Letraset sheets containing Lorem Ipsum passages and more recently with desktop publishing software like Aldus PageMaker including versions of Lorem Ipsum,Moderately Used
17,user2@gmail.com,title17,description17,Heavily Used
18,user2@gmail.com,title18,description18,Damaged/Missing parts
19,user2@gmail.com,title19,description19,Mint
20,user2@gmail.com,title20,description20,Like New
21,user3@gmail.com,title21,description21,Lightly Used
22,user3@gmail.com,title22,description22,Moderately Used
23,user3@gmail.com,title23,description23 xxx,Heavily Used
24,user3@gmail.com,title24,description24,Damaged/Missing parts
25,user4@gmail.com,title25,description25,Mint
26,user4@gmail.com,title26,description26,Like New
27,user4@gmail.com,title27,description27,Lightly Used
28,user4@gmail.com,title28,description28,Moderately Used
29,user4@gmail.com,title29,description29 sheets containing Lorem Isheets containing Lorem Ipsum passages and more recently with desktop It was popularised in the 1960s with the release of Letraset sheets containing Lorem Ipsum passages and more recently with desktop publishing software like Aldus PageMaker including versions of Lorem Ipsumpsum passages and more recently with desktop It was popularised in the 1960s with the release of Letraset sheets containing Lorem Ipsum passages and more recently with desktop publishing software like Aldus PageMaker including versions of Lorem Ipsum,Heavily Used
30,user5@gmail.com,title30,description30,Damaged/Missing parts
31,user5@gmail.com,title31,description31,Mint
32,user5@gmail.com,title32,description32,Like New
33,user5@gmail.com,title33,description33,Lightly Used
34,user6@gmail.com,title34,description34 sheets containing Lorem sheets containing Lorem Ipsum passages and more recently with desktop It was popularised in the 1960s with the release of Letraset sheets containing Lorem Ipsum passages and more recently with desktop publishing software like Aldus PageMaker including versions of Lorem IpsumIpsum passages and more recently with desktop It was popularised in the 1960s with the release of Letraset sheets containing Lorem Ipsum passages and more recently with desktop publishing software like Aldus PageMaker including versions of Lorem Ipsum,Moderately Used
35,user6@gmail.com,title35,description35,Heavily Used
36,user6@gmail.com,title36,description36,Damaged/Missing parts
37,user6@gmail.com,title37,description37,Mint
38,user6@gmail.com,title38,description38,Like New
39,user7@gmail.com,title39,description39,Lightly Used
40,user7@gmail.com,title40,description40,Moderately Used
41,user7@gmail.com,title41,description41,Heavily Used
42,user7@gmail.com,title42,description42,Damaged/Missing parts
43,user7@gmail.com,title43,description43,Mint
44,user7@gmail.com,title44,description44 xxx,Like New
45,user8@gmail.com,title45,description45,Lightly Used
46,user8@gmail.com,title46,description46,Moderately Used
47,user8@gmail.com,title47,description47,Heavily Used
48,user8@gmail.com,title48,description48,Damaged/Missing parts
49,user8@gmail.com,title49,description49,Mint
50,user8@gmail.com,title50,description50,Like New
51,user9@gmail.com,title51,description51,Lightly Used
52,user9@gmail.com,title52,description52,Moderately Used
53,user9@gmail.com,title53,description53,Heavily Used
54,user9@gmail.com,title54,description54,Damaged/Missing parts
55,user9@gmail.com,title55,description55,Mint
56,user9@gmail.com,title56,description56,Like New
57,user9@gmail.com,title57,description57,Lightly Used
58,user10@gmail.com,title58,description58,Moderately Used
59,user10@gmail.com,title59,description59,Heavily Used
60,user10@gmail.com,title60,description60,Damaged/Missing parts
61,user10@gmail.com,title61,description61,Mint
62,user10@gmail.com,title62,description62,Like New
63,user10@gmail.com,title63,description63,Lightly Used
64,user10@gmail.com,title64,description64,Moderately Used
65,user11@gmail.com,title65,description65,Heavily Used
66,user11@gmail.com,title66,description66,Damaged/Missing parts
67,user11@gmail.com,title67,description67,Mint
68,user11@gmail.com,title68,description68,Like New
69,user11@gmail.com,title69,description69,Lightly Used
70,user11@gmail.com,title70,description70,Moderately Used
71,user12@gmail.com,title71,description71,Heavily Used
72,user12@gmail.com,title72,description72,Damaged/Missing parts
73,user12@gmail.com,title73,description73,Mint
74,user12@gmail.com,title74,description74,Like New
75,user12@gmail.com,title75,description75 xxxx,Lightly Used
76,user13@gmail.com,title76,description76,Moderately Used
77,user13@gmail.com,title77,description77,Heavily Used
78,user13@gmail.com,title78,description78,Damaged/Missing parts
79,user13@gmail.com,title79,description79,Mint
80,user13@gmail.com,title80,description80,Like New
81,user14@gmail.com,title81,description81 xxxx,Lightly Used
82,user14@gmail.com,title82,description82,Moderately Used
83,user14@gmail.com,title83,description83,Heavily Used
84,user14@gmail.com,title84,description84 xxxxx,Damaged/Missing parts
85,user15@gmail.com,title85,description85,Mint
86,user15@gmail.com,title86,description86,Like New
87,user15@gmail.com,title87,description87 xxxx,Lightly Used
88,user15@gmail.com,title88,description88,Moderately Used
89,user15@gmail.com,title89,description89,Heavily Used
90,user16@gmail.com,title90,description90,Damaged/Missing parts
91,user16@gmail.com,title91,description91,Mint
92,user16@gmail.com,title92,description92 xxxxx,Like New
93,user16@gmail.com,title93,description93,Lightly Used
94,user16@gmail.com,title94,description94,Moderately Used
95,user17@gmail.com,title95,description95,Heavily Used
96,user17@gmail.com,title96,description96,Damaged/Missing parts
97,user17@gmail.com,title97,description97 xxxxx,Mint
98,user17@gmail.com,title98,description98,Like New
99,user17@gmail.com,title99,description99,Lightly Used
100,user18@gmail.com,title100,description100,Moderately Used
101,user18@gmail.com,title101,description101,Heavily Used
102,user18@gmail.com,title102,description102,Damaged/Missing parts
103,user18@gmail.com,title103,description103,Mint
104,user18@gmail.com,title104,description104,Like New
105,user18@gmail.com,title105,description105,Lightly Used
106,user19@gmail.com,title106,description106,Moderately Used
107,user19@gmail.com,title107,description107,Heavily Used
108,user19@gmail.com,title108,description108,Damaged/Missing parts
109,user19@gmail.com,title109,description109,Mint
110,user19@gmail.com,title110,description110,Like New
111,user20@gmail.com,title111,description111,Lightly Used
112,user20@gmail.com,title112,description112,Moderately Used
113,user20@gmail.com,title113,description113,Heavily Used
114,user20@gmail.com,title114,description114,Damaged/Missing parts
115,user20@gmail.com,title115,description115,Mint
116,user21@gmail.com,title116,description116,Like New
117,user21@gmail.com,title117,description117,Lightly Used
118,user21@gmail.com,title118,description118,Moderately Used
119,user21@gmail.com,title119,description119,Heavily Used
120,user21@gmail.com,title120,description120,Damaged/Missing parts
121,user22@gmail.com,title121,description121,Mint
122,user22@gmail.com,title122,description122,Like New
123,user22@gmail.com,title123,description123,Lightly Used
124,user22@gmail.com,title124,description124,Moderately Used
125,user22@gmail.com,title125,description125,Heavily Used
126,user23@gmail.com,title126,description126,Damaged/Missing parts
127,user23@gmail.com,title127,description127,Mint
128,user23@gmail.com,title128,description128,Like New
129,user23@gmail.com,title129,description129,Lightly Used
130,user23@gmail.com,title130,description130,Moderately Used
131,user24@gmail.com,title131,description131,Heavily Used
132,user24@gmail.com,title132,description132,Damaged/Missing parts
133,user24@gmail.com,title133,description133,Mint
134,user24@gmail.com,title134,description134,Like New
135,user25@gmail.com,title135,description135,Lightly Used
136,user25@gmail.com,title136,description136,Moderately Used
137,user25@gmail.com,title137,description137,Heavily Used
138,user25@gmail.com,title138,description138,Damaged/Missing parts
139,user26@gmail.com,title139,description139 xxx,Mint
140,user26@gmail.com,title140,description140,Like New
141,user27@gmail.com,title141,description141,Lightly Used
142,user27@gmail.com,title142,description142,Moderately Used
143,user28@gmail.com,title143,description143,Heavily Used
144,user28@gmail.com,title144,description144,Damaged/Missing parts
145,user28@gmail.com,title145,description145,Mint
146,user29@gmail.com,title146,description146,Like New
147,user29@gmail.com,title147,description147,Lightly Used
148,user29@gmail.com,title148,description148,Moderately Used
149,user30@gmail.com,title149,description149,Heavily Used
150,user30@gmail.com,title150,description150,Damaged/Missing parts
151,user30@gmail.com,title151,description151,Mint
152,user31@gmail.com,title152,description152,Like New
153,user31@gmail.com,title153,description153,Lightly Used
154,user31@gmail.com,title154,description154,Moderately Used
155,user32@gmail.com,title155,description155,Heavily Used
156,user32@gmail.com,title156,description156,Damaged/Missing parts
157,user32@gmail.com,title157,description157,Mint
158,user33@gmail.com,title158,description158,Like New
159,user33@gmail.com,title159,description159 xxxxx,Lightly Used
160,user33@gmail.com,title160,description160,Moderately Used
161,user34@gmail.com,title161,description161,Heavily Used
162,user34@gmail.com,title162,description162,Damaged/Missing parts
163,user34@gmail.com,title163,description163,Mint
164,user35@gmail.com,title164,description164,Like New
165,user35@gmail.com,title165,description165,Lightly Used
166,user35@gmail.com,title166,description166,Moderately Used
167,user36@gmail.com,title167,description167,Heavily Used
168,user36@gmail.com,title168,description168,Damaged/Missing parts
169,user36@gmail.com,title169,description169,Mint
170,user37@gmail.com,title170,description170 xxxx,Like New
171,user37@gmail.com,title171,description171,Lightly Used
172,user38@gmail.com,title172,description172,Moderately Used
173,user38@gmail.com,title173,description173,Heavily Used
174,user38@gmail.com,title174,description174,Damaged/Missing parts
175,user39@gmail.com,title175,description175,Mint
176,user1@gmail.com,title176,description176,Like New
177,user1@gmail.com,title177,description177,Lightly Used
178,user1@gmail.com,title178,description178,Moderately Used
179,user1@gmail.com,title179,description179,Heavily Used
180,user1@gmail.com,title180,description180,Damaged/Missing parts
181,user1@gmail.com,title181,description181,Mint
182,user1@gmail.com,title182,description182,Like New
183,user1@gmail.com,title183,description183,Lightly Used
184,user1@gmail.com,title184,description184,Moderately Used
185,user1@gmail.com,title185,description185,Heavily Used
186,user1@gmail.com,title186,description186,Damaged/Missing parts
187,user1@gmail.com,title187,description187,Mint
188,user1@gmail.com,title188,description188,Like New
189,user1@gmail.com,title189,description189,Lightly Used
190,user1@gmail.com,title190,description190,Moderately Used
191,user2@gmail.com,title191,description191,Heavily Used
192,user2@gmail.com,title192,description192,Damaged/Missing parts
193,user2@gmail.com,title193,description193,Mint
194,user2@gmail.com,title194,description194,Like New
195,user2@gmail.com,title195,description195,Lightly Used
196,user3@gmail.com,title196,description196,Moderately Used
197,user3@gmail.com,title197,description197,Heavily Used
198,user3@gmail.com,title198,description198,Damaged/Missing parts
199,user3@gmail.com,title199,description199,Mint
200,user3@gmail.com,title200,description200,Like New