itemID,,ownerEmail,title,description,game_condition
1,board game,user1@gmail.com,title1,description1,Mint
2,card game,user1@gmail.com,title2,description2 xxx,Like New
3,video game,user1@gmail.com,title3,description3 It was popularised in the 1960s with the release of Letraset sheets containing Lorem Ipsum passages and more recently with desktop It was popularised in the 1960s with the release of Letraset sheets containing Lorem Ipsum passages and more recently with desktop publishing software like Aldus PageMaker including versions of Lorem Ipsum publishing software like Aldus PageMaker including versions of Lorem Ipsum,Lightly Used
4,computer game,user1@gmail.com,title4,description4 sheets containing Lorem Ipsum passages and more recently with desktop It was popularised in the 1960s with the release of Letraset sheets containing Lorem Ipsum passages and more recently with desktop publishing software like Aldus PageMaker including versions of Lorem Ipsum sheets containing Lorem Ipsum passages and more recently with desktop It was popularised in the 1960s with the release of Letraset sheets containing Lorem Ipsum passages and more recently with desktop publishing software like Aldus PageMaker including versions of Lorem Ipsum,Moderately Used
5,jigsaw puzzle,user1@gmail.com,title5,description5,Heavily Used
6,board game,user1@gmail.com,title6,description6,Damaged/Missing parts
7,card game,user1@gmail.com,title7,description7,Mint
8,video game,user1@gmail.com,title8,description8,Like New
9,computer game,user1@gmail.com,title9,description9,Lightly Used
10,jigsaw puzzle,user1@gmail.com,title10,description10,Moderately Used
11,board game,user1@gmail.com,title11,description11 xxx,Heavily Used
12,card game,user1@gmail.com,title12,description12,Damaged/Missing parts
13,video game,user2@gmail.com,title13,description13,Mint
14,computer game,user2@gmail.com,title14,description14 sheets containing Lorem Ipsum passagsheets containing Lorem Ipsum passages and more recently with desktop It was popularised in the 1960s with the release of Letraset sheets containing Lorem Ipsum passages and more recently with desktop publishing software like Aldus PageMaker including versions of Lorem Ipsumes and more recently with desktop It was popularised in the 1960s with the release of Letraset sheets containing Lorem Ipsum passages and more recently with desktop publishing software like Aldus PageMaker including versions of Lorem Ipsum,Like New
15,jigsaw puzzle,user2@gmail.com,title15,description15,Lightly Used
16,board game,user2@gmail.com,title16,description16 sheets containing Lorem Ipsusheets containing Lorem Ipsum passages and more recently with desktop It was popularised in the 1960s with the release of Letraset sheets containing Lorem Ipsum passages and more recently with desktop publishing software like Aldus PageMaker including versions of Lorem Ipsumm passages and more recently with desktop It was popularised in the 1960s with the release of Letraset sheets containing Lorem Ipsum passages and more recently with desktop publishing software like Aldus PageMaker including versions of Lorem Ipsum,Moderately Used
17,card game,user2@gmail.com,title17,description17,Heavily Used
18,video game,user2@gmail.com,title18,description18,Damaged/Missing parts
19,computer game,user2@gmail.com,title19,description19,Mint
20,jigsaw puzzle,user2@gmail.com,title20,description20,Like New
21,board game,user3@gmail.com,title21,description21,Lightly Used
22,card game,user3@gmail.com,title22,description22,Moderately Used
23,video game,user3@gmail.com,title23,description23 xxx,Heavily Used
24,computer game,user3@gmail.com,title24,description24,Damaged/Missing parts
25,jigsaw puzzle,user4@gmail.com,title25,description25,Mint
26,board game,user4@gmail.com,title26,description26,Like New
27,card game,user4@gmail.com,title27,description27,Lightly Used
28,video game,user4@gmail.com,title28,description28,Moderately Used
29,computer game,user4@gmail.com,title29,description29 sheets containing Lorem Isheets containing Lorem Ipsum passages and more recently with desktop It was popularised in the 1960s with the release of Letraset sheets containing Lorem Ipsum passages and more recently with desktop publishing software like Aldus PageMaker including versions of Lorem Ipsumpsum passages and more recently with desktop It was popularised in the 1960s with the release of Letraset sheets containing Lorem Ipsum passages and more recently with desktop publishing software like Aldus PageMaker including versions of Lorem Ipsum,Heavily Used
30,jigsaw puzzle,user5@gmail.com,title30,description30,Damaged/Missing parts
31,board game,user5@gmail.com,title31,description31,Mint
32,card game,user5@gmail.com,title32,description32,Like New
33,video game,user5@gmail.com,title33,description33,Lightly Used
34,computer game,user6@gmail.com,title34,description34 sheets containing Lorem sheets containing Lorem Ipsum passages and more recently with desktop It was popularised in the 1960s with the release of Letraset sheets containing Lorem Ipsum passages and more recently with desktop publishing software like Aldus PageMaker including versions of Lorem IpsumIpsum passages and more recently with desktop It was popularised in the 1960s with the release of Letraset sheets containing Lorem Ipsum passages and more recently with desktop publishing software like Aldus PageMaker including versions of Lorem Ipsum,Moderately Used
35,jigsaw puzzle,user6@gmail.com,title35,description35,Heavily Used
36,board game,user6@gmail.com,title36,description36,Damaged/Missing parts
37,card game,user6@gmail.com,title37,description37,Mint
38,video game,user6@gmail.com,title38,description38,Like New
39,computer game,user7@gmail.com,title39,description39,Lightly Used
40,jigsaw puzzle,user7@gmail.com,title40,description40,Moderately Used
41,board game,user7@gmail.com,title41,description41,Heavily Used
42,card game,user7@gmail.com,title42,description42,Damaged/Missing parts
43,video game,user7@gmail.com,title43,description43,Mint
44,computer game,user7@gmail.com,title44,description44 xxx,Like New
45,jigsaw puzzle,user8@gmail.com,title45,description45,Lightly Used
46,board game,user8@gmail.com,title46,description46,Moderately Used
47,card game,user8@gmail.com,title47,description47,Heavily Used
48,video game,user8@gmail.com,title48,description48,Damaged/Missing parts
49,computer game,user8@gmail.com,title49,description49,Mint
50,jigsaw puzzle,user8@gmail.com,title50,description50,Like New
51,board game,user9@gmail.com,title51,description51,Lightly Used
52,card game,user9@gmail.com,title52,description52,Moderately Used
53,video game,user9@gmail.com,title53,description53,Heavily Used
54,computer game,user9@gmail.com,title54,description54,Damaged/Missing parts
55,jigsaw puzzle,user9@gmail.com,title55,description55,Mint
56,board game,user9@gmail.com,title56,description56,Like New
57,card game,user9@gmail.com,title57,description57,Lightly Used
58,video game,user10@gmail.com,title58,description58,Moderately Used
59,computer game,user10@gmail.com,title59,description59,Heavily Used
60,jigsaw puzzle,user10@gmail.com,title60,description60,Damaged/Missing parts
61,board game,user10@gmail.com,title61,description61,Mint
62,card game,user10@gmail.com,title62,description62,Like New
63,video game,user10@gmail.com,title63,description63,Lightly Used
64,computer game,user10@gmail.com,title64,description64,Moderately Used
65,jigsaw puzzle,user11@gmail.com,title65,description65,Heavily Used
66,board game,user11@gmail.com,title66,description66,Damaged/Missing parts
67,card game,user11@gmail.com,title67,description67,Mint
68,video game,user11@gmail.com,title68,description68,Like New
69,computer game,user11@gmail.com,title69,description69,Lightly Used
70,jigsaw puzzle,user11@gmail.com,title70,description70,Moderately Used
71,board game,user12@gmail.com,title71,description71,Heavily Used
72,card game,user12@gmail.com,title72,description72,Damaged/Missing parts
73,video game,user12@gmail.com,title73,description73,Mint
74,computer game,user12@gmail.com,title74,description74,Like New
75,jigsaw puzzle,user12@gmail.com,title75,description75 xxxx,Lightly Used
76,board game,user13@gmail.com,title76,description76,Moderately Used
77,card game,user13@gmail.com,title77,description77,Heavily Used
78,video game,user13@gmail.com,title78,description78,Damaged/Missing parts
79,computer game,user13@gmail.com,title79,description79,Mint
80,jigsaw puzzle,user13@gmail.com,title80,description80,Like New
81,board game,user14@gmail.com,title81,description81 xxxx,Lightly Used
82,card game,user14@gmail.com,title82,description82,Moderately Used
83,video game,user14@gmail.com,title83,description83,Heavily Used
84,computer game,user14@gmail.com,title84,description84 xxxxx,Damaged/Missing parts
85,jigsaw puzzle,user15@gmail.com,title85,description85,Mint
86,board game,user15@gmail.com,title86,description86,Like New
87,card game,user15@gmail.com,title87,description87 xxxx,Lightly Used
88,video game,user15@gmail.com,title88,description88,Moderately Used
89,computer game,user15@gmail.com,title89,description89,Heavily Used
90,jigsaw puzzle,user16@gmail.com,title90,description90,Damaged/Missing parts
91,board game,user16@gmail.com,title91,description91,Mint
92,card game,user16@gmail.com,title92,description92 xxxxx,Like New
93,video game,user16@gmail.com,title93,description93,Lightly Used
94,computer game,user16@gmail.com,title94,description94,Moderately Used
95,jigsaw puzzle,user17@gmail.com,title95,description95,Heavily Used
96,board game,user17@gmail.com,title96,description96,Damaged/Missing parts
97,card game,user17@gmail.com,title97,description97 xxxxx,Mint
98,video game,user17@gmail.com,title98,description98,Like New
99,computer game,user17@gmail.com,title99,description99,Lightly Used
100,jigsaw puzzle,user18@gmail.com,title100,description100,Moderately Used
101,board game,user18@gmail.com,title101,description101,Heavily Used
102,card game,user18@gmail.com,title102,description102,Damaged/Missing parts
103,video game,user18@gmail.com,title103,description103,Mint
104,computer game,user18@gmail.com,title104,description104,Like New
105,jigsaw puzzle,user18@gmail.com,title105,description105,Lightly Used
106,board game,user19@gmail.com,title106,description106,Moderately Used
107,card game,user19@gmail.com,title107,description107,Heavily Used
108,video game,user19@gmail.com,title108,description108,Damaged/Missing parts
109,computer game,user19@gmail.com,title109,description109,Mint
110,jigsaw puzzle,user19@gmail.com,title110,description110,Like New
111,board game,user20@gmail.com,title111,description111,Lightly Used
112,card game,user20@gmail.com,title112,description112,Moderately Used
113,video game,user20@gmail.com,title113,description113,Heavily Used
114,computer game,user20@gmail.com,title114,description114,Damaged/Missing parts
115,jigsaw puzzle,user20@gmail.com,title115,description115,Mint
116,board game,user21@gmail.com,title116,description116,Like New
117,card game,user21@gmail.com,title117,description117,Lightly Used
118,video game,user21@gmail.com,title118,description118,Moderately Used
119,computer game,user21@gmail.com,title119,description119,Heavily Used
120,jigsaw puzzle,user21@gmail.com,title120,description120,Damaged/Missing parts
121,board game,user22@gmail.com,title121,description121,Mint
122,card game,user22@gmail.com,title122,description122,Like New
123,video game,user22@gmail.com,title123,description123,Lightly Used
124,computer game,user22@gmail.com,title124,description124,Moderately Used
125,jigsaw puzzle,user22@gmail.com,title125,description125,Heavily Used
126,board game,user23@gmail.com,title126,description126,Damaged/Missing parts
127,card game,user23@gmail.com,title127,description127,Mint
128,video game,user23@gmail.com,title128,description128,Like New
129,computer game,user23@gmail.com,title129,description129,Lightly Used
130,jigsaw puzzle,user23@gmail.com,title130,description130,Moderately Used
131,board game,user24@gmail.com,title131,description131,Heavily Used
132,card game,user24@gmail.com,title132,description132,Damaged/Missing parts
133,video game,user24@gmail.com,title133,description133,Mint
134,computer game,user24@gmail.com,title134,description134,Like New
135,jigsaw puzzle,user25@gmail.com,title135,description135,Lightly Used
136,board game,user25@gmail.com,title136,description136,Moderately Used
137,card game,user25@gmail.com,title137,description137,Heavily Used
138,video game,user25@gmail.com,title138,description138,Damaged/Missing parts
139,computer game,user26@gmail.com,title139,description139 xxx,Mint
140,jigsaw puzzle,user26@gmail.com,title140,description140,Like New
141,board game,user27@gmail.com,title141,description141,Lightly Used
142,card game,user27@gmail.com,title142,description142,Moderately Used
143,video game,user28@gmail.com,title143,description143,Heavily Used
144,computer game,user28@gmail.com,title144,description144,Damaged/Missing parts
145,jigsaw puzzle,user28@gmail.com,title145,description145,Mint
146,board game,user29@gmail.com,title146,description146,Like New
147,card game,user29@gmail.com,title147,description147,Lightly Used
148,video game,user29@gmail.com,title148,description148,Moderately Used
149,computer game,user30@gmail.com,title149,description149,Heavily Used
150,jigsaw puzzle,user30@gmail.com,title150,description150,Damaged/Missing parts
151,board game,user30@gmail.com,title151,description151,Mint
152,card game,user31@gmail.com,title152,description152,Like New
153,video game,user31@gmail.com,title153,description153,Lightly Used
154,computer game,user31@gmail.com,title154,description154,Moderately Used
155,jigsaw puzzle,user32@gmail.com,title155,description155,Heavily Used
156,board game,user32@gmail.com,title156,description156,Damaged/Missing parts
157,card game,user32@gmail.com,title157,description157,Mint
158,video game,user33@gmail.com,title158,description158,Like New
159,computer game,user33@gmail.com,title159,description159 xxxxx,Lightly Used
160,jigsaw puzzle,user33@gmail.com,title160,description160,Moderately Used
161,board game,user34@gmail.com,title161,description161,Heavily Used
162,card game,user34@gmail.com,title162,description162,Damaged/Missing parts
163,video game,user34@gmail.com,title163,description163,Mint
164,computer game,user35@gmail.com,title164,description164,Like New
165,jigsaw puzzle,user35@gmail.com,title165,description165,Lightly Used
166,board game,user35@gmail.com,title166,description166,Moderately Used
167,card game,user36@gmail.com,title167,description167,Heavily Used
168,video game,user36@gmail.com,title168,description168,Damaged/Missing parts
169,computer game,user36@gmail.com,title169,description169,Mint
170,jigsaw puzzle,user37@gmail.com,title170,description170 xxxx,Like New
171,board game,user37@gmail.com,title171,description171,Lightly Used
172,card game,user38@gmail.com,title172,description172,Moderately Used
173,video game,user38@gmail.com,title173,description173,Heavily Used
174,computer game,user38@gmail.com,title174,description174,Damaged/Missing parts
175,jigsaw puzzle,user39@gmail.com,title175,description175,Mint
176,board game,user1@gmail.com,title176,description176,Like New
177,card game,user1@gmail.com,title177,description177,Lightly Used
178,video game,user1@gmail.com,title178,description178,Moderately Used
179,computer game,user1@gmail.com,title179,description179,Heavily Used
180,jigsaw puzzle,user1@gmail.com,title180,description180,Damaged/Missing parts
181,board game,user1@gmail.com,title181,description181,Mint
182,card game,user1@gmail.com,title182,description182,Like New
183,video game,user1@gmail.com,title183,description183,Lightly Used
184,computer game,user1@gmail.com,title184,description184,Moderately Used
185,jigsaw puzzle,user1@gmail.com,title185,description185,Heavily Used
186,board game,user1@gmail.com,title186,description186,Damaged/Missing parts
187,card game,user1@gmail.com,title187,description187,Mint
188,video game,user1@gmail.com,title188,description188,Like New
189,computer game,user1@gmail.com,title189,description189,Lightly Used
190,jigsaw puzzle,user1@gmail.com,title190,description190,Moderately Used
191,board game,user2@gmail.com,title191,description191,Heavily Used
192,card game,user2@gmail.com,title192,description192,Damaged/Missing parts
193,video game,user2@gmail.com,title193,description193,Mint
194,computer game,user2@gmail.com,title194,description194,Like New
195,jigsaw puzzle,user2@gmail.com,title195,description195,Lightly Used
196,board game,user3@gmail.com,title196,description196,Moderately Used
197,card game,user3@gmail.com,title197,description197,Heavily Used
198,video game,user3@gmail.com,title198,description198,Damaged/Missing parts
199,computer game,user3@gmail.com,title199,description199,Mint
200,jigsaw puzzle,user3@gmail.com,title200,description200,Like New